",,Overall,Overall,Overall,Overall,Overall,Overall,Conf.,Conf.,Home,Home,Away,Away,Points,Points,,School Totals,School Totals,School Totals,School Totals,School Totals,School Totals,School Totals,School Totals,School Totals,School Totals,School Totals,School Totals,School Totals,School Totals,School Totals,School Totals,School Totals"
"Rk,School,G,W,L,W-L%,SRS,SOS,W,L,W,L,W,L,Tm.,Opp.,,MP,FG,FGA,FG%,3P,3PA,3P%,FT,FTA,FT%,ORB,TRB,AST,STL,BLK,TOV,PF"
"1,Abilene Christian NCAA,34,27,7,.794,-1.86,-7.29,14,4,13,2,10,4,2502,2161,,1370,897,1911,.469,251,660,.380,457,642,.712,325,1110,523,297,93,407,635"
"2,Air Force,32,14,18,.438,-4.09,0.43,8,10,9,6,3,9,2179,2294,,1300,802,1777,.451,234,712,.329,341,503,.678,253,1077,434,154,57,423,543"
"3,Akron,33,17,16,.515,5.04,1.26,8,10,14,3,1,10,2271,2107,,1325,797,1948,.409,297,929,.320,380,539,.705,312,1204,399,185,106,388,569"
"4,Alabama A&M,32,5,27,.156,-19.33,-8.49,4,14,4,7,0,18,1938,2285,,1295,736,1807,.407,182,576,.316,284,453,.627,314,1025,384,234,49,487,587"
"5,Alabama-Birmingham,35,20,15,.571,0.36,-1.52,10,8,11,5,6,6,2470,2370,,1410,906,2003,.452,234,694,.337,424,629,.674,367,1279,401,218,82,399,578"
"6,Alabama State,31,12,19,.387,-15.71,-7.95,9,9,8,3,3,13,2086,2235,,1250,712,1763,.404,216,674,.320,446,684,.652,365,1094,313,203,102,451,565"
"7,Alabama,34,18,16,.529,9.46,9.02,8,10,10,6,4,8,2448,2433,,1365,856,1945,.440,244,718,.340,492,739,.666,384,1286,418,157,160,465,572"
"8,Albany (NY),32,12,20,.375,-9.18,-6.50,7,9,6,8,6,10,2150,2216,,1300,728,1750,.416,274,790,.347,420,564,.745,294,1083,402,195,78,454,566"
"9,Alcorn State,31,10,21,.323,-22.21,-9.10,6,12,10,3,0,17,1995,2194,,1245,709,1721,.412,211,646,.327,366,543,.674,334,1079,391,229,107,492,548"
"10,American,30,15,15,.500,-4.00,-7.03,9,9,8,7,6,8,2161,2070,,1220,780,1643,.475,190,583,.326,411,589,.698,251,1013,401,221,131,386,520"
"11,Appalachian State,32,11,21,.344,-3.75,0.07,6,12,9,5,2,12,2557,2539,,1290,880,1938,.454,292,814,.359,505,706,.715,310,1126,406,171,89,418,585"
"12,Arizona State NCAA,34,23,11,.676,10.39,6.15,12,6,13,3,6,5,2638,2494,,1380,899,2012,.447,240,714,.336,600,882,.680,399,1351,459,213,109,466,675"
"13,Arizona,32,17,15,.531,8.40,6.40,8,10,12,5,4,7,2269,2205,,1290,794,1861,.427,235,699,.336,446,620,.719,324,1116,397,165,73,370,594"
"14,Little Rock,31,10,21,.323,-4.80,-2.01,5,13,7,9,3,12,2301,2353,,1250,817,1687,.484,206,581,.355,461,703,.656,244,1060,443,169,87,503,622"
"15,Arkansas-Pine Bluff,32,13,19,.406,-14.54,-8.28,10,8,8,2,4,17,2108,2269,,1300,719,1685,.427,194,574,.338,476,702,.678,317,1063,365,216,108,478,629"
"16,Arkansas State,32,13,19,.406,-6.99,-1.12,7,11,10,4,2,13,2359,2475,,1310,796,1904,.418,237,709,.334,530,721,.735,403,1211,363,183,139,448,684"
"17,Arkansas,33,18,15,.545,11.85,8.70,8,10,12,6,5,7,2499,2395,,1330,874,1949,.448,251,724,.347,500,749,.668,337,1111,521,266,162,439,667"
"18,Army,32,13,19,.406,-7.33,-4.49,8,10,10,4,3,13,2268,2305,,1280,837,1956,.428,272,864,.315,322,471,.684,259,1125,499,198,50,376,544"
"19,Auburn NCAA,36,27,9,.750,19.84,9.81,11,7,15,2,4,6,2863,2461,,1450,982,2192,.448,408,1083,.377,491,690,.712,424,1236,514,339,170,434,660"
"20,Austin Peay,33,22,11,.667,0.72,-4.28,13,5,10,2,8,7,2712,2413,,1335,973,2060,.472,268,702,.382,498,705,.706,397,1215,454,252,110,392,595"
"21,Ball State,33,16,17,.485,3.53,1.34,6,12,7,7,8,7,2478,2362,,1340,889,1892,.470,202,621,.325,498,709,.702,308,1243,426,217,119,480,580"
"22,Baylor NCAA,33,20,13,.606,13.13,8.53,10,8,13,5,5,6,2371,2219,,1325,844,1905,.443,270,782,.345,413,613,.674,437,1253,463,203,156,436,616"
"23,Belmont NCAA,33,27,6,.818,9.23,-2.49,16,2,13,1,12,3,2868,2439,,1330,1042,2094,.498,343,921,.372,441,598,.737,286,1275,645,220,125,376,509"
"24,Bethune-Cookman,31,14,17,.452,-11.82,-9.58,9,7,11,4,3,12,2290,2245,,1250,833,1899,.439,204,635,.321,420,689,.610,415,1273,443,234,108,501,610"
"25,Binghamton,33,10,23,.303,-13.70,-4.47,5,11,5,11,5,12,2152,2376,,1320,793,1842,.431,275,788,.349,291,452,.644,244,1060,324,183,152,409,474"
"26,Boise State,33,13,20,.394,3.73,1.20,7,11,8,7,3,10,2364,2263,,1330,845,1801,.469,252,715,.352,422,584,.723,242,1016,398,200,68,379,569"
"27,Boston College,31,14,17,.452,6.18,8.12,5,13,10,8,2,8,2196,2256,,1260,768,1808,.425,218,687,.317,442,633,.698,331,1137,382,159,103,378,509"
"28,Boston University,33,15,18,.455,-6.42,-5.20,7,11,7,7,8,10,2385,2387,,1325,922,1922,.480,221,639,.346,320,468,.684,311,1091,447,199,73,425,578"
"29,Bowling Green State,34,22,12,.647,4.39,1.02,12,6,14,2,5,8,2668,2496,,1370,945,2134,.443,272,762,.357,506,755,.670,408,1396,427,227,90,412,595"
"30,Bradley NCAA,35,20,15,.571,0.05,-0.77,9,9,10,6,5,8,2329,2285,,1405,812,1874,.433,240,653,.368,465,672,.692,313,1195,422,186,131,440,617"
"31,Brigham Young,32,19,13,.594,6.29,3.45,11,5,13,3,5,8,2527,2436,,1295,878,1877,.468,226,684,.330,545,750,.727,263,1116,482,203,107,354,626"
"32,Brown,31,20,11,.645,0.07,-3.31,7,7,13,3,7,8,2292,2123,,1250,784,1771,.443,246,720,.342,478,671,.712,257,1132,403,235,119,438,585"
"33,Bryant,30,10,20,.333,-14.94,-7.41,7,11,8,6,2,13,2088,2314,,1200,709,1680,.422,230,708,.325,440,618,.712,285,969,319,158,79,383,575"
"34,Bucknell,33,21,12,.636,0.76,-2.75,13,5,12,3,7,8,2534,2418,,1325,867,1928,.450,311,885,.351,489,653,.749,286,1154,519,173,116,409,627"
"35,Buffalo NCAA,35,32,3,.914,16.13,2.22,16,2,14,0,12,3,2979,2472,,1405,1064,2292,.464,335,995,.337,516,745,.693,439,1437,588,256,139,417,637"
"36,Butler,33,16,17,.485,9.65,8.53,7,11,12,4,2,10,2374,2337,,1330,861,1934,.445,292,827,.353,360,488,.738,288,1058,434,193,62,359,593"
"37,Cal Poly,29,6,23,.207,-13.71,-3.30,2,14,4,8,1,14,1930,2183,,1185,706,1715,.412,225,687,.328,293,452,.648,284,975,301,147,99,334,544"
"38,Cal State Bakersfield,32,17,15,.531,-4.41,-2.16,7,9,9,4,6,9,2277,2265,,1295,833,1964,.424,215,651,.330,396,588,.673,464,1199,367,208,100,421,701"
"39,Cal State Fullerton,34,16,18,.471,-3.05,-0.89,10,6,9,4,4,11,2437,2414,,1385,868,1911,.454,187,589,.317,514,726,.708,277,1224,407,200,118,450,639"
"40,Cal State Northridge,34,13,21,.382,-6.32,-3.17,7,9,7,9,4,11,2601,2701,,1375,968,2104,.460,234,649,.361,431,676,.638,352,1214,512,225,154,410,641"
"41,California Baptist,31,16,15,.516,-3.64,-3.86,7,9,8,7,8,6,2403,2241,,1260,831,1860,.447,287,801,.358,454,576,.788,306,1170,345,148,85,379,623"
"42,UC-Davis,31,11,20,.355,-6.04,-1.28,7,9,7,6,3,12,2038,2128,,1260,735,1673,.439,203,619,.328,365,515,.709,218,928,375,196,71,412,596"
"43,UC-Irvine NCAA,36,31,5,.861,6.21,-2.56,15,1,12,2,13,2,2621,2280,,1460,967,2108,.459,247,683,.362,440,627,.702,420,1437,473,208,149,426,661"
"44,UC-Riverside,33,10,23,.303,-10.91,-2.97,4,12,7,7,2,14,2153,2279,,1325,793,1787,.444,279,741,.377,288,421,.684,281,1051,426,164,60,425,561"
"45,UC-Santa Barbara,32,22,10,.688,-1.40,-5.33,10,6,12,3,7,6,2350,2114,,1290,825,1818,.454,204,594,.343,496,693,.716,379,1204,431,159,106,355,559"
"46,University of California,31,8,23,.258,-3.02,5.56,3,15,7,9,1,10,2121,2387,,1245,739,1735,.426,207,592,.350,436,603,.723,249,899,335,227,98,352,573"
"47,Campbell,33,20,13,.606,-3.56,-4.33,12,4,12,4,5,8,2495,2328,,1325,867,1906,.455,313,912,.343,448,591,.758,267,1051,482,218,104,337,522"
"48,Canisius,32,15,17,.469,-8.59,-4.65,11,7,5,8,9,5,2250,2376,,1295,798,1834,.435,256,791,.324,398,575,.692,300,1026,466,204,108,412,626"
"49,Central Arkansas,33,14,19,.424,-11.27,-4.71,8,10,8,5,5,13,2383,2498,,1330,810,1903,.426,276,784,.352,487,667,.730,299,1164,463,202,120,478,611"
"50,Central Connecticut State,31,11,20,.355,-13.80,-6.49,5,13,5,7,5,12,2205,2367,,1260,754,1821,.414,201,612,.328,496,634,.782,332,1107,353,172,110,427,598"
"51,Central Florida NCAA,32,24,8,.750,12.82,4.76,13,5,15,2,5,5,2309,2051,,1285,793,1709,.464,220,610,.361,503,778,.647,308,1181,423,184,145,382,538"
"52,Central Michigan,35,23,12,.657,2.99,-0.13,10,8,13,4,7,6,2896,2690,,1425,991,2177,.455,305,822,.371,609,908,.671,419,1321,467,267,107,425,593"
"53,Charleston Southern,33,18,15,.545,-2.03,-4.07,9,7,12,4,4,10,2507,2296,,1330,901,2091,.431,321,924,.347,384,568,.676,398,1237,474,257,109,427,552"
"54,Charlotte,29,8,21,.276,-8.32,-0.87,5,13,5,9,3,9,1776,1992,,1160,598,1441,.415,191,615,.311,389,524,.742,199,892,288,138,101,418,490"
"55,Chattanooga,32,12,20,.375,-7.66,-0.56,7,11,8,6,4,11,2268,2376,,1285,833,1881,.443,290,795,.365,312,457,.683,278,1096,419,139,79,409,553"
"56,Chicago State,32,3,29,.094,-24.49,1.01,0,16,3,8,0,19,1970,2710,,1280,718,1749,.411,141,468,.301,393,582,.675,249,993,373,193,72,512,625"
"57,Cincinnati NCAA,35,28,7,.800,14.35,5.32,14,4,16,2,7,4,2510,2194,,1410,872,2018,.432,232,673,.345,534,758,.704,442,1264,466,214,155,365,563"
"58,Citadel,30,12,18,.400,-7.79,0.18,4,14,8,7,4,10,2553,2584,,1210,899,2010,.447,370,1076,.344,385,523,.736,322,1107,463,201,110,386,528"
"59,Clemson,33,20,13,.606,14.56,9.32,9,9,14,4,4,6,2284,2111,,1320,818,1803,.454,215,647,.332,433,592,.731,298,1169,404,214,148,439,539"
"60,Cleveland State,31,10,21,.323,-7.88,-1.43,5,13,8,9,2,12,2300,2437,,1250,799,1834,.436,303,820,.370,399,585,.682,303,1094,460,174,97,412,551"
"61,Coastal Carolina,32,16,16,.500,-1.32,-2.42,9,9,10,4,5,10,2445,2337,,1290,824,1844,.447,259,707,.366,538,751,.716,355,1191,422,202,77,453,654"
"62,Colgate NCAA,35,24,11,.686,1.41,-3.65,13,5,15,1,9,9,2648,2458,,1415,955,1995,.479,320,815,.393,418,563,.742,322,1240,541,213,121,456,547"
"63,College of Charleston,33,24,9,.727,2.46,-2.85,12,6,13,2,8,5,2453,2265,,1330,878,1818,.483,227,667,.340,470,615,.764,260,1060,387,216,76,347,486"
"64,Colorado State,32,12,20,.375,0.04,1.56,7,11,8,9,3,8,2393,2406,,1285,866,1818,.476,259,722,.359,402,579,.694,256,1080,472,200,74,372,522"
"65,Colorado,34,22,12,.647,10.07,3.71,10,8,14,2,5,8,2517,2301,,1365,879,1928,.456,220,675,.326,539,718,.751,349,1273,452,174,102,452,586"
"66,Columbia,28,10,18,.357,-4.95,-1.91,5,9,5,7,4,9,2059,2052,,1160,778,1721,.452,237,655,.362,266,378,.704,255,986,443,218,78,366,539"
"67,Connecticut,33,16,17,.485,6.65,4.16,6,12,13,5,1,8,2436,2354,,1325,874,1959,.446,252,732,.344,436,641,.680,380,1167,422,200,145,427,643"
"68,Coppin State,33,8,25,.242,-18.74,-6.96,7,9,3,7,4,16,2118,2507,,1330,710,1827,.389,240,841,.285,458,689,.665,314,1218,326,169,115,555,619"
"69,Cornell,31,15,16,.484,-5.94,-1.83,7,7,9,4,6,12,2149,2211,,1260,754,1707,.442,243,732,.332,398,551,.722,191,1015,453,181,107,414,491"
"70,Creighton,34,20,14,.588,12.70,8.79,9,9,12,6,4,7,2669,2490,,1380,959,1986,.483,363,930,.390,388,568,.683,278,1162,543,231,87,449,568"
"71,Dartmouth,30,11,19,.367,-5.53,-2.78,2,12,8,6,2,12,2160,2116,,1210,791,1748,.453,264,719,.367,314,435,.722,246,1020,415,159,98,361,468"
"72,Davidson,34,24,10,.706,6.46,2.03,14,4,14,2,7,5,2409,2229,,1365,852,1893,.450,312,882,.354,393,525,.749,264,1185,499,175,82,378,539"
"73,Dayton,33,21,12,.636,9.78,3.02,13,5,13,4,7,4,2406,2183,,1335,902,1789,.504,205,617,.332,397,575,.690,261,1145,541,164,81,414,463"
"74,Delaware State,31,6,25,.194,-26.71,-10.02,2,14,3,9,2,15,1956,2371,,1240,695,1963,.354,234,789,.297,332,489,.679,378,1144,333,214,65,435,589"
"75,Delaware,33,17,16,.515,-7.75,-4.66,8,10,9,7,7,8,2352,2380,,1360,830,1808,.459,282,746,.378,410,564,.727,254,1083,425,149,78,378,523"
"76,Denver,30,8,22,.267,-11.66,-2.80,3,13,6,7,1,14,2086,2319,,1205,755,1723,.438,227,622,.365,349,460,.759,275,1041,354,142,78,408,506"
"77,DePaul,31,16,15,.516,6.93,4.77,7,11,13,6,3,8,2406,2339,,1245,866,1846,.469,212,608,.349,462,644,.717,353,1169,457,198,94,428,550"
"78,Detroit Mercy,31,11,20,.355,-6.27,-0.31,8,10,6,6,4,14,2279,2464,,1240,784,1875,.418,294,825,.356,417,581,.718,336,1019,319,238,77,355,528"
"79,Drake,34,24,10,.706,2.68,-0.51,12,6,13,2,7,5,2563,2387,,1385,908,1943,.467,279,773,.361,468,618,.757,279,1214,518,180,130,449,568"
"80,Drexel,32,13,19,.406,-6.88,-2.78,7,11,9,7,3,11,2425,2475,,1280,874,1900,.460,237,669,.354,440,584,.753,312,1126,464,144,62,377,543"
"81,Duke NCAA,35,30,5,.857,27.75,11.60,14,4,15,2,7,2,2924,2359,,1405,1070,2238,.478,255,837,.305,529,768,.689,463,1459,555,328,239,452,553"
"82,Duquesne,32,19,13,.594,0.65,-0.51,10,8,14,4,4,6,2351,2314,,1295,810,1895,.427,271,841,.322,460,663,.694,379,1133,443,250,151,451,580"
"83,East Carolina,31,10,21,.323,-5.69,1.12,3,15,8,9,1,11,2088,2299,,1255,749,1791,.418,155,545,.284,435,638,.682,317,1061,382,223,110,416,622"
"84,East Tennessee State,34,24,10,.706,5.41,-1.59,13,5,13,3,8,6,2707,2371,,1375,1004,2067,.486,274,758,.361,425,635,.669,442,1351,534,252,135,483,603"
"85,Eastern Illinois,32,14,18,.438,-11.65,-4.85,7,11,7,6,5,10,2299,2457,,1310,826,1912,.432,272,735,.370,375,545,.688,347,1147,434,200,120,427,569"
"86,Eastern Kentucky,31,13,18,.419,-7.26,-2.33,6,12,9,5,3,11,2562,2577,,1265,902,2125,.424,272,832,.327,486,683,.712,362,1167,458,317,101,447,661"
"87,Eastern Michigan,32,15,17,.469,0.60,4.64,9,9,11,7,4,10,2203,2213,,1295,818,1822,.449,187,634,.295,380,604,.629,400,1155,369,237,142,442,530"
"88,Eastern Washington,34,16,18,.471,-6.61,-4.01,12,8,9,4,4,13,2460,2527,,1380,876,2040,.429,310,886,.350,398,546,.729,299,1192,467,200,101,401,632"
"89,Elon,32,11,21,.344,-11.35,-3.39,7,11,5,11,6,7,2266,2445,,1290,812,1860,.437,335,942,.356,307,443,.693,265,1080,468,135,59,413,539"
"90,Evansville,32,11,21,.344,-3.73,0.24,5,13,9,7,2,13,2234,2317,,1295,747,1776,.421,264,776,.340,476,660,.721,215,1095,394,185,89,416,601"
"91,Fairfield,31,9,22,.290,-10.05,-6.98,6,12,5,7,3,13,2072,2167,,1240,761,1755,.434,259,740,.350,291,420,.693,273,968,401,202,63,436,612"
"92,Fairleigh Dickinson NCAA,35,21,14,.600,-5.87,-7.02,12,6,13,4,7,9,2620,2515,,1420,921,1939,.475,269,672,.400,509,703,.724,323,1155,486,261,132,477,578"
"93,Florida A&M,31,12,19,.387,-13.48,-8.00,9,7,6,3,6,14,1927,2057,,1245,719,1640,.438,180,489,.368,309,503,.614,288,991,355,226,111,499,580"
"94,Florida Atlantic,33,17,16,.515,-1.37,-1.70,8,10,9,5,6,9,2322,2243,,1335,809,1971,.410,290,895,.324,414,551,.751,366,1296,419,184,93,485,576"
"95,Florida Gulf Coast,32,14,18,.438,-5.00,-1.37,9,7,10,4,4,10,2280,2360,,1280,809,1786,.453,269,724,.372,393,588,.668,272,1064,449,216,133,479,514"
"96,Florida International,32,19,13,.594,-4.02,-1.56,10,8,12,4,5,8,2643,2555,,1280,933,2115,.441,269,878,.306,508,795,.639,347,1150,468,339,146,448,621"
"97,Florida State NCAA,35,28,7,.800,17.88,10.11,13,5,15,1,6,4,2623,2351,,1420,900,2039,.441,258,772,.334,565,758,.745,398,1310,444,246,149,466,669"
"98,Florida NCAA,35,20,15,.571,15.75,11.00,9,9,9,6,5,6,2391,2225,,1415,838,1961,.427,282,846,.333,433,601,.720,370,1172,426,252,131,411,600"
"99,Fordham,32,12,20,.375,-4.87,-2.26,3,15,9,10,3,8,2108,2141,,1295,759,1890,.402,276,831,.332,314,462,.680,305,1082,360,188,108,345,559"
"100,Fresno State,32,23,9,.719,9.15,0.83,13,5,13,4,7,3,2448,2162,,1285,847,1866,.454,342,897,.381,412,572,.720,300,1138,457,228,111,400,591"
"101,Furman,33,25,8,.758,7.68,-1.29,13,5,13,3,11,4,2562,2182,,1340,930,1962,.474,338,935,.361,364,508,.717,326,1170,524,288,137,407,481"
"102,Gardner-Webb NCAA,35,23,12,.657,-2.47,-4.28,11,6,13,0,8,9,2718,2468,,1430,955,1962,.487,281,719,.391,527,741,.711,271,1190,502,238,101,407,561"
"103,George Mason,33,18,15,.545,0.93,0.17,11,7,11,6,6,6,2314,2289,,1330,825,1855,.445,210,637,.330,454,634,.716,323,1166,399,204,95,428,563"
"104,George Washington,33,9,24,.273,-6.51,1.33,4,14,6,11,2,10,2097,2356,,1340,745,1842,.404,196,631,.311,411,600,.685,274,1116,375,170,96,413,526"
"105,Georgetown,33,19,14,.576,7.10,5.61,9,9,13,6,5,6,2625,2576,,1355,894,2017,.443,269,757,.355,568,771,.737,350,1299,541,198,131,443,581"
"106,Georgia Southern,33,21,12,.636,3.83,0.21,12,6,10,4,7,7,2726,2489,,1330,1012,2027,.499,203,631,.322,499,721,.692,316,1186,401,254,131,451,590"
"107,Georgia State NCAA,34,24,10,.706,2.52,0.74,13,5,13,1,7,7,2598,2491,,1360,903,1968,.459,330,859,.384,462,694,.666,273,1110,415,269,158,391,583"
"108,Georgia Tech,32,14,18,.438,7.22,8.44,6,12,11,7,3,9,2091,2130,,1285,755,1714,.440,176,573,.307,405,588,.689,262,1076,433,221,166,459,560"
"109,Georgia,32,11,21,.344,5.32,8.13,2,16,8,9,2,9,2274,2364,,1280,776,1760,.441,210,652,.322,512,726,.705,357,1215,423,185,163,506,565"
"110,Gonzaga NCAA,34,31,3,.912,28.26,4.06,16,0,17,0,9,1,3019,2196,,1360,1096,2061,.532,266,725,.367,561,734,.764,329,1322,616,258,184,353,550"
"111,Grambling,34,17,17,.500,-9.78,-9.39,10,8,11,3,6,12,2426,2336,,1370,834,1846,.452,223,553,.403,535,781,.685,307,1287,420,193,147,536,700"
"112,Grand Canyon,34,20,14,.588,4.12,-1.21,10,6,12,2,5,8,2560,2353,,1370,907,2006,.452,257,777,.331,487,666,.731,350,1238,478,207,75,411,598"
"113,Green Bay,34,18,16,.529,-2.76,0.18,10,8,12,3,5,12,2755,2727,,1370,979,2144,.457,268,780,.344,529,749,.706,326,1229,504,266,136,434,653"
"114,Hampton,32,16,16,.500,-3.92,-5.27,9,7,11,3,5,11,2614,2452,,1310,885,2036,.435,272,780,.349,570,730,.781,340,1235,452,197,113,348,601"
"115,Hartford,33,18,15,.545,-3.73,-4.67,10,6,10,4,8,9,2477,2407,,1345,848,1863,.455,322,846,.381,459,619,.742,278,1050,462,228,69,401,552"
"116,Harvard,30,19,11,.633,1.68,0.41,10,4,9,2,8,8,2145,2096,,1225,758,1656,.458,255,703,.363,374,520,.719,277,1082,359,171,115,474,532"
"117,Hawaii,31,18,13,.581,-1.09,-3.40,9,7,12,5,4,5,2241,2131,,1250,788,1746,.451,266,751,.354,399,576,.693,278,1055,478,156,66,368,556"
"118,High Point,31,16,15,.516,-5.54,-4.30,9,7,9,4,5,8,2115,2105,,1255,763,1719,.444,180,583,.309,409,604,.677,363,1183,404,170,91,406,502"
"119,Hofstra,35,27,8,.771,4.81,-4.39,15,3,15,1,10,6,2919,2553,,1440,998,2055,.486,308,800,.385,615,767,.802,305,1168,492,228,122,342,526"
"120,Holy Cross,33,16,17,.485,-6.24,-3.81,6,12,8,6,6,11,2216,2296,,1335,848,1834,.462,237,670,.354,283,424,.667,220,916,510,241,127,350,481"
"121,Houston Baptist,30,12,18,.400,-9.24,-5.42,8,10,9,4,3,13,2465,2484,,1225,865,1896,.456,200,588,.340,535,793,.675,409,1142,449,234,54,442,593"
"122,Houston NCAA,35,32,3,.914,18.52,3.72,16,2,19,1,10,1,2655,2137,,1400,935,2094,.447,321,900,.357,464,660,.703,434,1442,525,222,158,397,662"
"123,Howard,34,17,17,.500,-12.23,-9.46,10,6,6,8,9,8,2684,2661,,1370,937,2163,.433,244,669,.365,566,780,.726,396,1253,463,198,144,427,652"
"124,Idaho State,30,11,19,.367,-12.97,-4.62,7,13,6,7,5,11,2198,2369,,1200,779,1742,.447,274,752,.364,366,498,.735,275,975,383,154,88,360,497"
"125,Idaho,32,5,27,.156,-18.54,-5.99,2,18,4,11,1,13,2174,2460,,1285,778,1764,.441,251,678,.370,367,507,.724,258,1061,399,130,53,433,581"
"126,Illinois-Chicago,32,16,16,.500,-3.09,-1.93,10,8,12,4,4,12,2391,2385,,1295,865,1881,.460,303,856,.354,358,525,.682,271,1106,478,210,124,457,684"
"127,Illinois State,33,17,16,.515,-1.95,0.36,9,9,12,4,2,10,2257,2314,,1330,813,1887,.431,244,734,.332,387,540,.717,298,1139,421,162,106,417,577"
"128,Illinois,33,12,21,.364,9.26,11.83,7,13,9,6,1,9,2398,2483,,1335,862,2001,.431,259,751,.345,415,591,.702,351,1089,446,244,86,435,696"
"129,Incarnate Word,31,6,25,.194,-18.86,-5.05,1,17,5,9,0,14,2044,2355,,1255,711,1527,.466,174,508,.343,448,553,.810,204,845,354,184,53,504,592"
"130,Indiana State,31,15,16,.484,-2.65,0.70,7,11,9,5,4,9,2146,2218,,1250,757,1719,.440,178,491,.363,454,621,.731,250,1007,342,207,73,410,586"
"131,Indiana,33,18,15,.545,14.57,10.41,8,12,14,5,3,9,2378,2241,,1340,873,1893,.461,199,636,.313,433,658,.658,322,1198,444,213,146,411,563"
"132,Iona NCAA,33,17,16,.515,-4.58,-5.30,12,6,8,3,5,9,2532,2508,,1320,857,1897,.452,297,845,.351,521,699,.745,283,1152,431,223,90,406,566"
"133,Iowa State NCAA,35,23,12,.657,17.96,9.19,9,9,12,4,5,6,2692,2385,,1400,974,2047,.476,294,811,.363,450,615,.732,327,1230,527,247,160,379,517"
"134,Iowa NCAA,34,23,11,.676,14.48,9.74,10,10,14,4,4,6,2663,2502,,1370,891,1947,.458,278,761,.365,603,817,.738,347,1212,534,205,109,415,544"
"135,Purdue-Fort Wayne,33,18,15,.545,-3.30,-3.44,9,7,11,5,6,9,2728,2556,,1330,991,2060,.481,360,949,.379,386,557,.693,271,1140,525,247,158,395,495"
"136,IUPUI,33,16,17,.485,-2.69,-3.02,8,10,11,4,3,13,2507,2429,,1320,891,1969,.453,234,695,.337,491,699,.702,403,1233,471,228,103,462,578"
"137,Jackson State,32,13,19,.406,-14.62,-9.36,10,8,9,4,3,14,1974,2107,,1285,717,1773,.404,155,555,.279,385,607,.634,331,1124,360,210,124,436,643"
"138,Jacksonville State,33,24,9,.727,1.77,-5.30,15,3,11,1,10,7,2574,2283,,1345,953,2064,.462,200,634,.315,468,630,.743,400,1310,451,245,138,440,552"
"139,Jacksonville,32,12,20,.375,-8.13,-4.60,5,11,5,8,6,11,2385,2402,,1285,889,1953,.455,213,645,.330,394,582,.677,330,1163,456,213,166,463,523"
"140,James Madison,33,14,19,.424,-8.41,-3.96,6,12,8,6,4,11,2322,2409,,1350,821,1860,.441,243,671,.362,437,607,.720,345,1123,403,211,101,420,612"
"141,Kansas State NCAA,34,25,9,.735,15.29,9.08,14,4,13,2,7,5,2236,2025,,1360,806,1877,.429,241,721,.334,383,574,.667,320,1134,464,256,76,385,550"
"142,Kansas NCAA,35,26,9,.743,18.62,12.50,12,6,16,0,3,8,2650,2436,,1415,962,2069,.465,254,724,.351,472,673,.701,362,1338,465,239,138,456,592"
"143,Kennesaw State,32,6,26,.188,-16.10,-0.97,3,13,6,8,0,15,2030,2455,,1285,742,1945,.381,136,438,.311,410,590,.695,372,1163,363,185,106,437,525"
"144,Kent State,33,22,11,.667,1.43,0.78,11,7,14,3,8,7,2481,2417,,1330,878,2032,.432,261,775,.337,464,641,.724,412,1185,430,226,119,378,601"
"145,Kentucky NCAA,34,28,6,.824,21.76,9.76,15,3,17,1,8,2,2611,2203,,1365,908,1891,.480,203,561,.362,592,799,.741,398,1316,467,204,168,429,555"
"146,La Salle,31,10,21,.323,-3.45,1.45,8,10,5,9,3,8,2091,2243,,1240,719,1798,.400,259,783,.331,394,512,.770,328,1060,391,230,98,435,630"
"147,Lafayette,30,10,20,.333,-10.99,-4.75,7,11,4,11,6,9,2209,2349,,1220,802,1785,.449,280,736,.380,325,437,.744,233,1001,419,156,125,402,515"
"148,Lamar,33,20,13,.606,-5.89,-7.17,12,6,13,2,6,10,2597,2322,,1340,902,1977,.456,228,665,.343,565,823,.687,446,1281,479,283,96,473,623"
"149,Lehigh,31,20,11,.645,-2.13,-4.26,12,6,11,3,9,8,2479,2413,,1250,856,1773,.483,287,677,.424,480,619,.775,232,1102,468,172,71,418,571"
"150,Liberty NCAA,35,29,6,.829,5.18,-4.54,14,2,16,1,11,3,2596,2142,,1400,945,1929,.490,312,841,.371,394,510,.773,267,1141,521,221,92,383,528"
"151,Lipscomb,33,26,7,.788,8.80,-2.62,14,2,14,3,12,4,2759,2290,,1320,960,1982,.484,291,776,.375,548,727,.754,300,1229,573,248,90,438,572"
"152,Long Beach State,34,15,19,.441,-4.34,-0.21,8,8,9,5,4,12,2545,2584,,1375,877,2031,.432,217,630,.344,574,831,.691,377,1263,399,219,105,479,620"
"153,Long Island University,32,16,16,.500,-8.74,-8.84,9,9,8,5,7,9,2373,2337,,1285,822,1880,.437,277,813,.341,452,643,.703,321,1196,430,218,157,471,610"
"154,Longwood,33,16,17,.485,-8.56,-6.96,5,11,10,5,5,11,2318,2311,,1335,772,1812,.426,320,913,.350,454,618,.735,275,1167,384,202,69,467,605"
"155,Louisiana,32,19,13,.594,-2.05,-1.48,10,8,10,4,7,7,2612,2575,,1290,901,2021,.446,283,814,.348,527,710,.742,363,1141,485,224,125,423,612"
"156,Louisiana-Monroe,34,19,15,.559,1.15,-1.88,9,9,14,2,4,12,2671,2529,,1370,886,1946,.455,341,853,.400,558,713,.783,303,1131,479,197,76,383,526"
"157,Louisiana State NCAA,33,27,6,.818,16.78,8.53,16,2,15,2,9,1,2683,2411,,1355,940,2035,.462,223,694,.321,580,772,.751,440,1287,432,298,144,433,608"
"158,Louisiana Tech,33,20,13,.606,0.96,-2.30,9,9,15,1,4,10,2386,2235,,1335,840,1928,.436,253,756,.335,453,690,.657,368,1204,440,190,115,386,535"
"159,Louisville NCAA,34,20,14,.588,17.61,11.38,10,8,14,4,5,6,2536,2324,,1380,854,1967,.434,294,860,.342,534,687,.777,345,1297,458,149,97,412,591"
"160,Loyola (IL),34,20,14,.588,4.16,0.00,12,6,13,4,5,7,2231,2066,,1360,831,1688,.492,206,564,.365,363,545,.666,190,1013,468,221,78,407,470"
"161,Loyola Marymount,32,21,11,.656,2.84,0.98,8,8,11,4,8,6,2150,2006,,1280,767,1689,.454,149,473,.315,467,626,.746,299,1038,426,232,93,401,572"
"162,Loyola (MD),32,11,21,.344,-8.95,-4.42,7,11,7,5,3,16,2332,2477,,1295,842,1836,.459,210,616,.341,438,617,.710,292,997,448,278,73,444,573"
"163,Maine,32,5,27,.156,-14.89,-3.98,3,13,3,9,2,18,1988,2271,,1310,747,1728,.432,201,647,.311,293,452,.648,280,1015,471,239,93,460,566"
"164,Manhattan,32,11,21,.344,-12.76,-7.20,8,10,4,9,4,11,1833,2011,,1285,651,1606,.405,219,659,.332,312,534,.584,326,1026,360,220,75,487,672"
"165,Marist,31,12,19,.387,-9.29,-7.32,7,11,4,7,6,11,2086,2147,,1250,739,1647,.449,245,675,.363,363,530,.685,241,967,377,172,53,387,583"
"166,Marquette NCAA,34,24,10,.706,15.20,7.38,12,6,16,3,6,4,2629,2363,,1375,893,1969,.454,319,822,.388,524,692,.757,331,1293,456,168,146,467,635"
"167,Marshall,34,20,14,.588,-1.46,-0.29,11,7,13,3,6,10,2725,2765,,1375,957,2172,.441,340,984,.346,471,651,.724,296,1124,490,313,146,425,621"
"168,Maryland-Baltimore County,34,21,13,.618,-5.67,-5.67,11,5,13,4,6,8,2296,2177,,1400,820,1893,.433,261,807,.323,395,572,.691,296,1145,452,268,83,428,578"
"169,Maryland-Eastern Shore,32,7,25,.219,-24.05,-7.75,5,11,5,7,2,17,1833,2291,,1285,666,1705,.391,172,610,.282,329,489,.673,264,990,361,186,70,431,575"
"170,Maryland NCAA,33,23,10,.697,16.33,10.18,13,7,15,3,6,5,2362,2159,,1320,837,1846,.453,238,679,.351,450,604,.745,365,1293,435,142,155,425,513"
"171,Massachusetts-Lowell,32,15,17,.469,-8.07,-6.73,7,9,8,5,5,12,2456,2420,,1290,875,1852,.472,246,721,.341,460,639,.720,293,1115,500,181,85,447,589"
"172,Massachusetts,32,11,21,.344,-2.91,-0.07,4,14,9,8,1,11,2263,2354,,1290,808,1833,.441,256,732,.350,391,574,.681,342,1122,469,154,93,445,643"
"173,McNeese State,31,9,22,.290,-14.32,-6.07,5,13,7,8,2,14,2149,2303,,1245,760,1675,.454,168,547,.307,461,647,.713,310,1054,429,146,97,450,467"
"174,Memphis,36,22,14,.611,10.52,4.91,11,7,17,2,3,7,2882,2680,,1450,1013,2241,.452,260,808,.322,596,835,.714,436,1361,553,288,144,538,738"
"175,Mercer,31,11,20,.355,-2.65,-0.03,6,12,9,6,2,12,2248,2246,,1245,787,1746,.451,228,663,.344,446,648,.688,307,1058,393,207,80,407,557"
"176,Miami (FL),32,14,18,.438,9.69,9.00,5,13,11,5,0,10,2297,2275,,1285,805,1849,.435,268,805,.333,419,570,.735,291,1060,413,212,100,372,465"
"177,Miami (OH),32,15,17,.469,0.96,2.49,7,11,10,5,4,10,2267,2233,,1285,777,1846,.421,269,831,.324,444,626,.709,353,1190,349,193,88,413,581"
"178,Michigan State NCAA,35,29,6,.829,25.01,11.78,16,4,15,1,8,4,2756,2293,,1410,967,1998,.484,287,754,.381,535,706,.758,374,1426,654,181,191,446,593"
"179,Michigan NCAA,35,29,6,.829,22.40,10.37,15,5,17,1,7,4,2467,2046,,1400,901,1996,.451,279,799,.349,386,550,.702,282,1230,490,215,144,310,491"
"180,Middle Tennessee,32,11,21,.344,-6.01,1.52,8,10,9,5,2,11,2141,2313,,1280,778,1858,.419,212,650,.326,373,551,.677,382,1228,353,190,85,512,582"
"181,Milwaukee,31,9,22,.290,-8.81,-2.41,4,14,6,8,3,12,2146,2315,,1245,765,1820,.420,237,692,.342,379,508,.746,288,1095,355,145,94,382,579"
"182,Minnesota NCAA,35,22,13,.629,13.00,11.14,9,11,14,3,2,9,2493,2428,,1405,869,1980,.439,189,581,.325,566,834,.679,397,1295,514,165,139,412,565"
"183,Mississippi State NCAA,34,23,11,.676,16.02,9.14,10,8,14,3,5,5,2628,2394,,1370,936,1981,.472,292,774,.377,464,647,.717,393,1215,479,274,172,451,586"
"184,Mississippi Valley State,32,6,26,.188,-22.53,-7.04,4,14,6,6,0,20,2058,2498,,1285,730,1923,.380,172,554,.310,426,647,.658,378,1165,361,176,70,415,570"
"185,Mississippi NCAA,33,20,13,.606,12.35,8.16,10,8,11,5,6,5,2485,2347,,1325,876,1906,.460,272,760,.358,461,589,.783,322,1128,475,235,118,416,603"
"186,Missouri-Kansas City,32,11,21,.344,-6.32,-1.25,6,10,8,5,3,13,2220,2341,,1290,774,1794,.431,259,728,.356,413,590,.700,261,966,352,232,90,391,647"
"187,Missouri State,32,16,16,.500,-1.04,-0.87,10,8,11,4,5,9,2206,2157,,1285,774,1714,.452,224,649,.345,434,627,.692,270,1000,354,221,127,385,540"
"188,Missouri,32,15,17,.469,8.61,9.17,5,13,9,7,2,8,2150,2168,,1290,758,1764,.430,264,727,.363,370,526,.703,345,1130,354,149,53,448,625"
"189,Monmouth,35,14,21,.400,-10.46,-4.64,10,8,6,6,5,11,2286,2490,,1420,794,1915,.415,168,565,.297,530,772,.687,360,1224,379,237,101,502,697"
"190,Montana State,32,15,17,.469,-7.71,-5.61,11,9,9,4,4,12,2502,2552,,1280,858,1882,.456,306,818,.374,480,651,.737,292,1083,491,169,46,394,567"
"191,Montana NCAA,35,26,9,.743,1.70,-4.85,16,4,12,2,9,5,2665,2397,,1405,973,1979,.492,288,762,.378,431,625,.690,293,1172,508,230,104,416,656"
"192,Morehead State,33,13,20,.394,-7.63,-1.66,8,10,7,7,4,11,2431,2543,,1335,855,1993,.429,260,762,.341,461,654,.705,357,1177,440,186,137,402,561"
"193,Morgan State,30,9,21,.300,-15.85,-10.50,4,12,6,7,2,13,2159,2304,,1210,757,1919,.394,168,521,.322,477,669,.713,397,1078,358,230,48,401,614"
"194,Mount St. Mary's,31,9,22,.290,-14.34,-5.79,6,12,4,9,5,13,2092,2286,,1240,733,1755,.418,223,723,.308,403,594,.678,293,1036,354,146,107,410,576"
"195,Murray State NCAA,32,28,4,.875,9.69,-3.71,16,2,15,1,10,3,2665,2165,,1280,968,1946,.497,251,713,.352,478,653,.732,341,1214,584,241,147,388,519"
"196,Navy,31,12,19,.387,-9.92,-3.82,8,10,8,6,4,13,2061,2250,,1240,732,1786,.410,208,656,.317,389,544,.715,359,1160,399,167,58,437,534"
"197,Omaha,32,21,11,.656,-2.17,-3.23,13,3,10,2,9,8,2523,2454,,1290,950,1998,.475,282,719,.392,341,473,.721,273,1047,409,180,61,304,486"
"198,Nebraska,35,19,16,.543,15.58,11.46,6,14,13,5,2,9,2514,2333,,1405,888,2068,.429,263,778,.338,475,677,.702,365,1241,449,255,149,338,561"
"199,Nevada-Las Vegas,31,17,14,.548,1.72,0.62,11,7,10,6,6,5,2276,2242,,1250,791,1852,.427,251,745,.337,443,647,.685,408,1204,399,184,115,401,556"
"200,Nevada NCAA,34,29,5,.853,16.15,2.82,15,3,15,0,9,3,2723,2270,,1360,924,1999,.462,297,855,.347,578,816,.708,325,1274,498,211,134,352,584"
"201,New Hampshire,29,5,24,.172,-18.47,-5.84,3,13,4,10,1,14,1742,1990,,1160,623,1656,.376,261,787,.332,235,385,.610,260,987,325,117,53,356,533"
"202,New Mexico State NCAA,35,30,5,.857,10.31,-2.12,15,1,16,1,10,1,2734,2259,,1405,962,2092,.460,326,977,.334,484,714,.678,445,1343,515,197,91,419,626"
"203,New Mexico,32,14,18,.438,-0.39,1.78,7,11,9,7,4,9,2443,2454,,1280,814,1927,.422,292,844,.346,523,745,.702,351,1200,446,220,107,455,627"
"204,New Orleans,33,19,14,.576,-8.85,-6.44,12,6,12,4,5,9,2384,2325,,1345,862,1941,.444,189,566,.334,471,681,.692,393,1166,497,285,133,517,631"
"205,Niagara,32,13,19,.406,-11.16,-7.59,6,12,8,8,5,10,2318,2432,,1285,795,1887,.421,265,738,.359,463,629,.736,315,1143,343,128,125,390,511"
"206,Nicholls State,31,14,17,.452,-11.78,-6.89,7,11,9,4,3,13,2260,2302,,1250,807,1914,.422,324,883,.367,322,418,.770,280,1041,428,208,128,386,587"
"207,NJIT,34,22,12,.647,-3.19,-4.70,8,8,11,4,11,8,2402,2319,,1370,822,1837,.447,241,690,.349,517,718,.720,241,1144,367,214,91,414,566"
"208,Norfolk State,35,22,13,.629,-7.98,-9.20,14,2,11,2,9,7,2592,2427,,1420,879,2015,.436,274,742,.369,560,782,.716,352,1281,448,212,151,512,741"
"209,North Alabama,32,10,22,.313,-10.88,-1.57,7,9,8,4,2,18,2145,2358,,1285,744,1914,.389,240,805,.298,417,619,.674,351,1170,334,209,74,435,615"
"210,North Carolina-Asheville,31,4,27,.129,-19.71,-2.24,2,14,3,10,1,15,1857,2313,,1245,655,1627,.403,223,687,.325,324,437,.741,298,931,331,196,86,456,533"
"211,North Carolina A&T,32,19,13,.594,-11.10,-9.73,13,3,11,2,7,10,2241,2209,,1290,825,1797,.459,227,649,.350,364,548,.664,291,1059,452,215,108,417,515"
"212,North Carolina Central NCAA,34,18,16,.529,-11.44,-11.15,10,6,10,2,4,12,2429,2266,,1365,874,1923,.454,221,694,.318,460,641,.718,399,1265,526,207,94,515,610"
"213,North Carolina-Greensboro,35,29,6,.829,4.61,-1.03,15,3,15,1,11,4,2669,2357,,1405,972,2120,.458,275,790,.348,450,646,.697,390,1224,444,309,136,415,613"
"214,North Carolina State,34,23,11,.676,15.77,6.54,9,9,16,4,4,6,2711,2397,,1370,997,2182,.457,275,784,.351,442,622,.711,456,1316,514,245,128,430,654"
"215,North Carolina-Wilmington,33,10,23,.303,-7.95,-1.89,5,13,5,9,2,12,2515,2670,,1335,881,1988,.443,260,744,.349,493,673,.733,387,1221,495,150,68,436,585"
"216,North Carolina NCAA,34,28,6,.824,24.56,11.38,16,2,14,2,11,1,2928,2480,,1365,1058,2282,.464,296,814,.364,516,696,.741,450,1501,643,240,117,444,582"
"217,North Dakota State NCAA,35,19,16,.543,-3.83,-1.89,9,7,10,3,4,9,2556,2541,,1410,874,1926,.454,332,910,.365,476,613,.777,229,1105,402,160,87,368,523"
"218,North Dakota,30,12,18,.400,-8.59,-3.36,6,10,8,6,4,11,2220,2196,,1200,822,1771,.464,241,647,.372,335,482,.695,233,1009,398,171,87,380,485"
"219,North Florida,33,16,17,.485,-3.39,-0.62,9,7,10,3,5,13,2485,2531,,1325,902,2014,.448,308,897,.343,373,539,.692,363,1252,520,212,165,536,573"
"220,North Texas,33,21,12,.636,-0.20,-3.43,8,10,12,4,6,7,2302,2077,,1325,831,1910,.435,284,838,.339,356,532,.669,368,1244,428,210,88,443,589"
"221,Northeastern NCAA,34,23,11,.676,4.08,-0.57,14,4,11,2,8,6,2564,2406,,1385,880,1848,.476,328,858,.382,476,634,.751,237,1075,480,211,74,381,540"
"222,Northern Arizona,31,10,21,.323,-10.56,-6.04,8,12,5,7,5,13,2262,2402,,1250,785,1819,.432,259,749,.346,433,614,.705,290,1055,381,196,67,372,537"
"223,Northern Colorado,32,21,11,.656,-3.80,-6.63,15,5,10,3,11,5,2450,2229,,1295,849,1834,.463,307,847,.362,445,632,.704,309,1126,424,176,100,398,535"
"224,Northern Illinois,34,17,17,.500,2.72,1.25,8,10,10,6,5,9,2506,2413,,1375,940,1995,.471,229,642,.357,397,543,.731,304,1179,374,188,75,404,653"
"225,Northern Iowa,34,16,18,.471,-1.40,0.76,9,9,9,5,3,9,2215,2230,,1360,769,1846,.417,276,792,.348,401,537,.747,262,1113,370,165,75,393,554"
"226,Northern Kentucky NCAA,35,26,9,.743,4.62,-2.45,13,5,17,1,7,7,2747,2410,,1410,979,2048,.478,306,845,.362,483,725,.666,364,1298,592,218,139,441,664"
"227,Northwestern State,31,11,20,.355,-17.08,-6.01,6,12,8,7,3,13,2051,2280,,1250,725,1789,.405,190,646,.294,411,604,.680,352,1103,340,192,138,496,578"
"228,Northwestern,32,13,19,.406,10.30,9.49,4,16,10,8,1,9,2108,2082,,1290,735,1827,.402,233,745,.313,405,551,.735,278,1086,451,176,134,349,583"
"229,Notre Dame,33,14,19,.424,8.27,8.58,3,15,11,8,1,9,2266,2276,,1320,776,1973,.393,272,863,.315,442,594,.744,370,1208,423,179,148,306,455"
"230,Oakland,33,16,17,.485,-2.22,-1.44,11,7,10,6,6,10,2534,2515,,1325,864,1859,.465,314,816,.385,492,663,.742,275,1063,581,191,99,426,534"
"231,Ohio State NCAA,34,20,14,.588,14.42,11.01,8,12,12,6,4,7,2360,2244,,1365,820,1882,.436,254,746,.340,466,634,.735,322,1183,482,202,85,424,604"
"232,Ohio,31,14,17,.452,-1.73,3.27,6,12,11,5,3,10,2174,2288,,1255,803,1838,.437,187,633,.295,381,602,.633,332,1152,451,200,115,448,504"
"233,Oklahoma State,32,12,20,.375,8.00,11.44,5,13,8,7,2,10,2178,2288,,1285,760,1796,.423,280,753,.372,378,549,.689,295,1092,422,183,139,386,516"
"234,Oklahoma NCAA,33,20,13,.606,15.30,11.75,7,11,11,4,5,7,2372,2255,,1325,864,1923,.449,218,633,.344,426,612,.696,300,1234,421,200,101,394,516"
"235,Old Dominion NCAA,35,26,9,.743,3.78,-1.14,13,5,14,2,8,4,2300,2128,,1400,824,2027,.407,264,756,.349,388,585,.663,418,1365,439,197,160,408,580"
"236,Oral Roberts,32,11,21,.344,-9.27,-1.84,7,9,7,6,3,13,2314,2483,,1285,854,1874,.456,266,734,.362,340,492,.691,335,1147,434,152,106,447,575"
"237,Oregon State,31,18,13,.581,7.97,4.43,10,8,10,5,6,5,2275,2165,,1250,800,1728,.463,203,633,.321,472,636,.742,310,1091,465,185,164,384,536"
"238,Oregon NCAA,36,24,12,.667,13.54,5.71,10,8,13,4,5,7,2539,2257,,1450,914,2021,.452,273,790,.346,438,608,.720,345,1245,479,278,154,424,636"
"239,Pacific,32,14,18,.438,-2.28,2.16,4,12,9,7,5,10,2138,2241,,1290,710,1680,.423,198,564,.351,520,696,.747,285,1041,322,196,46,423,630"
"240,Penn State,32,14,18,.438,12.86,11.83,7,13,9,6,3,9,2229,2196,,1295,791,1898,.417,222,693,.320,425,613,.693,382,1174,389,245,122,399,597"
"241,Pennsylvania,31,19,12,.613,2.22,-0.58,7,7,10,4,8,5,2250,2117,,1265,821,1810,.454,282,803,.351,326,510,.639,270,1102,463,210,77,395,500"
"242,Pepperdine,34,16,18,.471,1.05,0.78,6,10,9,5,2,11,2572,2529,,1370,865,1949,.444,313,819,.382,529,696,.760,290,1085,479,229,95,432,639"
"243,Pittsburgh,33,14,19,.424,8.20,7.02,3,15,11,7,0,11,2306,2267,,1330,769,1841,.418,225,680,.331,543,779,.697,383,1209,387,227,126,448,610"
"244,Portland State,32,16,16,.500,-8.78,-5.61,11,9,12,4,3,10,2475,2404,,1290,856,2017,.424,238,769,.309,525,748,.702,491,1282,434,264,129,449,681"
"245,Portland,32,7,25,.219,-10.62,0.68,0,16,6,11,1,12,2078,2389,,1290,707,1708,.414,216,664,.325,448,668,.671,233,1032,369,175,123,425,588"
"246,Prairie View NCAA,35,22,13,.629,-7.34,-9.22,17,1,11,0,9,12,2627,2547,,1400,903,2062,.438,225,703,.320,596,875,.681,393,1154,444,309,55,445,758"
"247,Presbyterian,34,19,15,.559,-3.00,-5.22,9,7,12,3,7,11,2674,2457,,1365,916,2030,.451,370,969,.382,472,648,.728,312,1176,532,202,67,332,586"
"248,Princeton,28,16,12,.571,-3.19,-0.65,8,6,7,5,8,6,1948,1951,,1135,685,1666,.411,207,679,.305,371,502,.739,272,1016,295,168,70,354,459"
"249,Providence,34,18,16,.529,8.64,7.05,7,11,11,7,5,6,2428,2374,,1385,835,1973,.423,225,690,.326,533,771,.691,399,1241,491,253,136,445,600"
"250,Purdue NCAA,33,24,9,.727,20.99,11.51,16,4,15,0,6,6,2499,2186,,1330,877,1973,.445,320,884,.362,425,582,.730,394,1225,474,212,131,352,570"
"251,Quinnipiac,31,16,15,.516,-6.57,-7.82,11,7,7,7,9,6,2294,2255,,1270,739,1730,.427,348,923,.377,468,646,.724,311,1111,393,159,62,415,524"
"252,Radford,33,22,11,.667,1.40,-1.83,12,4,11,3,9,7,2440,2247,,1330,893,1937,.461,285,750,.380,369,515,.717,335,1169,467,196,101,358,528"
"253,Rhode Island,33,18,15,.545,2.98,1.34,9,9,9,5,5,7,2293,2239,,1335,821,1914,.429,172,615,.280,479,704,.680,375,1194,401,235,129,405,586"
"254,Rice,32,13,19,.406,-6.57,-2.07,8,10,9,7,4,11,2367,2481,,1305,795,1861,.427,277,793,.349,500,729,.686,316,1221,424,171,103,438,568"
"255,Richmond,33,13,20,.394,-1.28,-0.70,6,12,7,10,4,7,2314,2333,,1320,849,1800,.472,251,723,.347,365,552,.661,196,957,519,249,101,336,488"
"256,Rider,31,16,15,.516,-4.80,-6.35,11,7,9,3,6,10,2381,2333,,1245,847,1892,.448,222,651,.341,465,755,.616,363,1144,450,282,101,415,591"
"257,Robert Morris,34,18,16,.529,-9.18,-7.56,11,7,13,3,5,13,2378,2326,,1380,834,1924,.433,273,759,.360,437,627,.697,361,1142,470,249,89,500,668"
"258,Rutgers,31,14,17,.452,9.22,10.10,7,13,10,7,4,9,2105,2132,,1250,771,1842,.419,191,612,.312,372,584,.637,391,1210,390,201,124,408,566"
"259,Sacramento State,31,15,16,.484,-8.58,-6.58,8,12,9,5,4,10,2197,2155,,1250,806,1800,.448,175,527,.332,410,592,.693,308,1051,431,239,104,404,566"
"260,Sacred Heart,32,15,17,.469,-7.62,-7.84,11,7,10,3,4,13,2558,2509,,1285,885,1926,.460,243,681,.357,545,722,.755,354,1230,471,170,132,465,572"
"261,Saint Francis (PA),33,18,15,.545,-8.41,-5.89,12,6,12,4,6,11,2517,2508,,1320,885,2034,.435,254,724,.351,493,698,.706,430,1246,413,221,94,402,598"
"262,Saint Joseph's,33,14,19,.424,-0.29,1.80,6,12,10,5,2,11,2328,2397,,1325,793,1943,.408,280,869,.322,462,615,.751,258,1140,397,186,110,305,497"
"263,Saint Louis NCAA,36,23,13,.639,5.18,2.35,10,8,15,2,4,8,2399,2297,,1440,855,2051,.417,205,675,.304,484,809,.598,491,1428,460,254,145,464,634"
"264,Saint Mary's (CA) NCAA,34,22,12,.647,12.79,4.62,11,5,14,3,5,5,2463,2185,,1365,899,1905,.472,253,670,.378,412,555,.742,329,1180,341,201,87,355,574"
"265,Saint Peter's,32,10,22,.313,-11.99,-6.24,6,12,7,7,2,14,2012,2196,,1305,707,1639,.431,184,567,.325,414,570,.726,293,1031,301,172,177,488,614"
"266,Sam Houston State,33,21,12,.636,-3.09,-5.76,16,2,12,2,8,9,2476,2307,,1345,889,2011,.442,308,840,.367,390,518,.753,369,1191,555,242,94,413,659"
"267,Samford,33,17,16,.515,0.90,-1.82,6,12,11,6,5,9,2583,2487,,1355,921,1951,.472,254,687,.370,487,666,.731,316,1225,461,238,127,463,560"
"268,San Diego State,34,21,13,.618,5.43,2.61,11,7,14,3,4,7,2437,2291,,1360,845,1940,.436,261,721,.362,486,679,.716,346,1228,487,197,113,424,638"
"269,San Diego,36,21,15,.583,6.28,3.76,7,9,12,4,5,9,2591,2455,,1460,914,2002,.457,284,808,.351,479,641,.747,290,1238,516,204,112,466,667"
"270,San Francisco,31,21,10,.677,8.75,1.32,9,7,13,3,6,5,2358,2101,,1250,864,1852,.467,258,728,.354,372,568,.655,340,1137,439,188,104,321,543"
"271,San Jose State,31,4,27,.129,-16.19,0.77,1,17,4,11,0,12,2042,2534,,1250,713,1765,.404,210,641,.328,406,620,.655,323,1127,423,131,52,484,539"
"272,Santa Clara,31,16,15,.516,-1.73,1.10,8,8,11,6,4,6,2115,2172,,1255,735,1655,.444,239,663,.360,406,567,.716,242,1026,416,146,111,433,597"
"273,Savannah State,31,11,20,.355,-20.39,-8.93,8,8,6,5,4,14,2360,2694,,1245,825,2080,.397,351,1199,.293,359,531,.676,383,1188,462,234,96,478,564"
"274,Seattle,33,18,15,.545,-1.17,-3.56,6,10,12,6,4,8,2420,2283,,1330,852,1945,.438,238,642,.371,478,668,.716,336,1221,382,142,117,403,657"
"275,Seton Hall NCAA,34,20,14,.588,10.68,8.77,9,9,11,4,3,8,2508,2443,,1375,888,2021,.439,240,741,.324,492,697,.706,361,1213,459,235,132,423,638"
"276,Siena,33,17,16,.515,-7.73,-6.30,11,7,7,7,8,7,2131,2178,,1345,772,1779,.434,288,850,.339,299,440,.680,248,973,413,189,93,321,462"
"277,South Alabama,34,17,17,.500,-4.47,-2.72,8,10,13,6,3,10,2478,2465,,1375,867,1884,.460,285,761,.375,459,669,.686,288,1094,471,201,141,456,649"
"278,South Carolina State,34,8,26,.235,-16.72,-8.15,5,11,5,6,2,19,2388,2593,,1375,811,1889,.429,193,580,.333,573,772,.742,376,1138,386,167,60,493,670"
"279,South Carolina Upstate,32,6,26,.188,-15.14,-4.11,1,16,5,9,1,15,2169,2395,,1290,775,1874,.414,269,819,.328,350,491,.713,305,1050,434,207,94,440,621"
"280,South Carolina,32,16,16,.500,8.40,9.69,11,7,11,6,4,8,2327,2316,,1285,806,1907,.423,242,662,.366,473,694,.682,383,1160,413,202,140,433,622"
"281,South Dakota State,33,24,9,.727,6.01,-4.64,14,2,14,1,7,6,2789,2425,,1320,984,1965,.501,327,802,.408,494,635,.778,251,1259,489,202,65,388,557"
"282,South Dakota,30,13,17,.433,-5.35,-2.89,7,9,8,6,4,8,2118,2136,,1205,729,1663,.438,227,665,.341,433,585,.740,219,942,382,165,68,324,527"
"283,South Florida,33,20,13,.606,5.15,1.09,8,10,15,5,4,6,2394,2223,,1350,783,1829,.428,226,695,.325,602,935,.644,450,1287,453,266,107,528,696"
"284,Southeast Missouri State,31,10,21,.323,-11.15,-4.22,5,13,6,8,2,13,2216,2378,,1265,796,1809,.440,266,719,.370,358,519,.690,284,1081,402,182,75,447,615"
"285,Southeastern Louisiana,33,17,16,.515,-7.56,-6.27,12,6,9,5,7,9,2224,2228,,1320,765,1735,.441,235,696,.338,459,640,.717,346,1117,452,215,80,536,602"
"286,Southern California,33,16,17,.485,8.32,5.05,8,10,12,5,2,9,2518,2410,,1340,937,2039,.460,281,735,.382,363,563,.645,324,1188,536,202,117,392,590"
"287,SIU Edwardsville,31,10,21,.323,-14.28,-4.87,6,12,7,8,2,11,2265,2520,,1280,794,1898,.418,201,665,.302,476,677,.703,351,1079,382,198,70,438,612"
"288,Southern Illinois,32,17,15,.531,1.56,0.00,10,8,9,6,7,7,2194,2144,,1280,802,1720,.466,213,570,.374,377,550,.685,289,1081,438,212,129,447,474"
"289,Southern Methodist,32,15,17,.469,5.58,3.89,6,12,10,8,3,7,2303,2249,,1280,833,1884,.442,263,772,.341,374,523,.715,365,1135,441,189,123,350,515"
"290,Southern Mississippi,33,20,13,.606,2.53,-0.88,11,7,11,3,7,7,2392,2160,,1330,898,1928,.466,275,712,.386,321,489,.656,274,1178,553,253,110,345,507"
"291,Southern Utah,33,17,16,.515,-8.75,-6.08,9,11,10,3,4,12,2506,2496,,1340,866,1955,.443,268,782,.343,506,709,.714,278,1214,421,198,109,454,676"
"292,Southern,32,7,25,.219,-16.88,-7.46,6,12,6,5,1,18,2077,2360,,1285,752,1711,.440,180,544,.331,393,588,.668,313,980,372,216,86,511,716"
"293,St. Bonaventure,34,18,16,.529,3.48,0.39,12,6,9,5,6,7,2250,2145,,1385,821,1914,.429,208,635,.328,400,539,.742,333,1183,417,199,164,421,553"
"294,St. Francis (NY),33,17,16,.515,-9.97,-8.23,9,9,11,3,6,12,2345,2320,,1325,841,1989,.423,270,806,.335,393,580,.678,346,1191,387,194,136,413,635"
"295,St. John's (NY) NCAA,34,21,13,.618,8.30,5.91,8,10,11,4,4,7,2623,2542,,1375,944,2100,.450,289,809,.357,446,620,.719,264,1119,472,301,111,357,650"
"296,Stanford,31,15,16,.484,6.21,5.31,8,10,10,4,4,9,2255,2227,,1245,808,1782,.453,207,652,.317,432,643,.672,322,1148,392,186,148,467,586"
"297,Stephen F. Austin,30,14,16,.467,-10.92,-5.84,7,11,10,6,3,9,2105,2161,,1210,745,1696,.439,201,588,.342,414,607,.682,313,1008,348,192,113,442,579"
"298,Stetson,31,7,24,.226,-14.95,-3.40,3,13,7,8,0,16,2151,2429,,1245,794,1962,.405,215,684,.314,348,503,.692,359,1110,418,210,94,394,536"
"299,Stony Brook,33,24,9,.727,-1.94,-6.32,12,4,10,4,13,4,2364,2188,,1335,815,1937,.421,233,715,.326,501,695,.721,410,1348,372,209,140,478,631"
"300,Syracuse NCAA,34,20,14,.588,14.05,10.41,10,8,13,6,6,4,2370,2246,,1365,808,1906,.424,274,823,.333,480,701,.685,363,1174,408,278,162,423,590"
"301,Temple NCAA,33,23,10,.697,8.02,4.77,13,5,13,2,8,5,2465,2358,,1340,873,1998,.437,247,748,.330,472,649,.727,316,1136,476,284,73,368,580"
"302,Tennessee-Martin,31,12,19,.387,-10.76,-4.14,6,12,10,4,1,14,2356,2486,,1250,854,1915,.446,250,726,.344,398,528,.754,351,1062,441,223,88,418,490"
"303,Tennessee State,30,9,21,.300,-11.48,-3.01,6,12,6,7,3,14,2182,2332,,1210,751,1739,.432,240,716,.335,440,628,.701,317,1032,342,219,78,497,735"
"304,Tennessee Tech,31,8,23,.258,-14.56,-2.81,4,14,5,10,3,13,2104,2350,,1250,742,1784,.416,213,620,.344,407,645,.631,330,1122,389,226,134,517,554"
"305,Tennessee NCAA,35,30,5,.857,21.84,9.81,15,3,18,0,7,3,2858,2404,,1415,1044,2103,.496,242,670,.361,528,693,.762,359,1312,632,210,189,388,605"
"306,Texas A&M-Corpus Christi,32,14,18,.438,-8.99,-5.56,9,9,9,7,5,9,2126,2124,,1290,774,1803,.429,202,621,.325,376,541,.695,349,1159,423,197,90,456,610"
"307,Texas A&M,32,14,18,.438,7.27,8.64,6,12,9,8,3,7,2253,2297,,1280,806,1842,.438,204,663,.308,437,631,.693,372,1195,376,215,142,444,521"
"308,Texas-Arlington,33,17,16,.515,-0.43,0.91,12,6,9,5,7,10,2284,2303,,1345,781,1908,.409,234,773,.303,488,659,.741,372,1237,421,211,97,467,630"
"309,Texas Christian,34,21,13,.618,13.26,9.12,7,11,13,5,3,7,2527,2386,,1380,918,1995,.460,260,744,.349,431,639,.674,366,1235,555,242,149,466,544"
"310,Texas-El Paso,29,8,21,.276,-8.16,-1.64,3,15,8,8,0,13,1859,2001,,1170,638,1592,.401,199,621,.320,384,580,.662,285,1070,306,135,83,466,551"
"311,Texas-Rio Grande Valley,36,20,16,.556,-1.48,-1.31,9,7,11,8,8,7,2549,2529,,1450,863,2065,.418,196,612,.320,627,901,.696,349,1182,478,333,100,457,744"
"312,Texas-San Antonio,32,17,15,.531,0.74,0.10,11,7,11,4,5,7,2481,2407,,1295,896,2068,.433,294,855,.344,395,536,.737,323,1216,420,213,82,402,581"
"313,Texas Southern,35,22,13,.629,-6.42,-7.57,14,4,10,2,11,10,2814,2734,,1410,973,2155,.452,254,790,.322,614,923,.665,429,1374,536,281,103,540,625"
"314,Texas State,33,24,9,.727,1.97,-2.90,12,6,11,3,10,5,2389,2117,,1330,846,1905,.444,238,723,.329,459,673,.682,395,1249,481,227,82,440,647"
"315,Texas Tech NCAA,33,27,6,.818,21.35,7.50,14,4,17,1,6,3,2411,1954,,1325,865,1827,.473,238,647,.368,443,612,.724,284,1123,447,239,165,407,576"
"316,Texas,33,17,16,.515,15.35,11.54,8,10,13,6,2,8,2343,2217,,1330,826,1904,.434,287,837,.343,404,572,.706,327,1115,422,201,137,362,558"
"317,Toledo,33,25,8,.758,8.36,0.86,13,5,14,2,8,5,2537,2256,,1330,901,1990,.453,325,860,.378,410,531,.772,327,1280,538,171,152,402,517"
"318,Towson,32,10,22,.313,-8.30,-3.43,6,12,5,8,4,8,2170,2294,,1310,810,1860,.435,180,550,.327,370,531,.697,389,1183,318,154,94,390,562"
"319,Troy,30,12,18,.400,-6.11,-1.00,5,13,8,8,4,10,2179,2242,,1210,773,1719,.450,236,704,.335,397,550,.722,277,1021,392,171,135,408,523"
"320,Tulane,31,4,27,.129,-6.97,3.39,0,18,3,12,0,11,2082,2403,,1240,733,1784,.411,213,670,.318,403,585,.689,298,1130,444,147,109,467,535"
"321,Tulsa,32,18,14,.563,4.47,3.69,8,10,14,3,3,8,2296,2271,,1290,776,1732,.448,222,652,.340,522,751,.695,239,1119,430,176,76,404,529"
"322,UCLA,33,17,16,.515,7.33,6.93,9,9,13,5,3,7,2580,2567,,1335,919,2012,.457,256,721,.355,486,768,.633,380,1361,472,194,135,467,563"
"323,Utah State NCAA,35,28,7,.800,12.13,1.04,15,3,14,1,9,4,2753,2349,,1410,959,2037,.471,274,772,.355,559,747,.748,377,1403,596,214,146,449,650"
"324,Utah Valley,34,25,9,.735,3.47,-2.28,12,4,14,1,8,7,2640,2408,,1360,906,1868,.485,277,719,.385,551,757,.728,301,1227,462,195,84,467,600"
"325,Utah,31,17,14,.548,6.28,5.24,11,7,10,5,6,5,2343,2311,,1245,805,1735,.464,298,806,.370,435,616,.706,317,1096,440,144,80,409,549"
"326,Valparaiso,33,15,18,.455,-3.23,-0.84,7,11,8,7,5,8,2205,2187,,1335,802,1783,.450,185,585,.316,416,595,.699,294,1115,431,202,101,439,546"
"327,Vanderbilt,32,9,23,.281,3.66,7.88,0,18,8,10,1,10,2180,2315,,1285,736,1750,.421,230,739,.311,478,710,.673,325,1139,371,154,126,454,568"
"328,Vermont NCAA,34,27,7,.794,5.04,-4.02,14,2,16,2,11,4,2508,2143,,1370,864,1887,.458,273,761,.359,507,678,.748,304,1194,399,188,136,377,568"
"329,Villanova NCAA,35,26,9,.743,15.19,7.90,13,5,13,2,5,6,2593,2338,,1415,864,1961,.441,369,1043,.354,496,684,.725,360,1229,496,187,106,378,565"
"330,Virginia Commonwealth NCAA,33,25,8,.758,12.00,2.90,16,2,16,1,8,4,2344,2044,,1330,820,1872,.438,235,771,.305,469,669,.701,358,1208,450,263,148,458,650"
"331,VMI,32,11,21,.344,-10.28,0.31,4,14,8,7,2,13,2433,2617,,1290,843,1973,.427,323,898,.360,424,581,.730,280,1110,442,217,61,390,541"
"332,Virginia Tech NCAA,33,25,8,.758,19.54,7.57,12,6,14,2,5,5,2434,2039,,1330,844,1780,.474,311,789,.394,435,572,.760,290,1072,501,222,74,374,503"
"333,Virginia NCAA,33,30,3,.909,25.83,9.10,16,2,15,1,10,1,2370,1818,,1325,848,1769,.479,278,685,.406,396,533,.743,295,1147,476,190,125,304,478"
"334,Wagner,30,13,17,.433,-12.74,-7.38,8,10,7,7,6,10,1974,2044,,1205,655,1696,.386,236,773,.305,428,575,.744,378,1095,351,184,108,414,639"
"335,Wake Forest,31,11,20,.355,1.52,8.78,4,14,8,8,1,10,2119,2344,,1250,714,1812,.394,197,640,.308,494,681,.725,399,1174,329,150,77,417,555"
"336,Washington State,32,11,21,.344,-1.53,2.35,4,14,9,7,2,8,2393,2517,,1280,833,1861,.448,301,828,.364,426,564,.755,276,1076,476,165,93,440,554"
"337,Washington NCAA,35,27,8,.771,12.41,6.64,15,3,15,1,7,4,2452,2250,,1405,860,1896,.454,264,751,.352,468,669,.700,329,1105,411,315,199,467,643"
"338,Weber State,33,18,15,.545,-4.17,-5.91,11,9,10,5,5,7,2617,2454,,1330,920,1934,.476,249,684,.364,528,708,.746,220,1177,382,180,140,382,608"
"339,West Virginia,35,15,20,.429,7.55,10.78,4,14,11,6,0,10,2564,2677,,1420,870,2105,.413,259,820,.316,565,826,.684,502,1387,467,218,122,546,695"
"340,Western Carolina,32,7,25,.219,-9.07,0.54,4,14,4,8,3,14,2304,2563,,1295,792,1744,.454,296,800,.370,424,628,.675,303,1135,389,135,53,577,671"
"341,Western Illinois,31,10,21,.323,-9.85,-4.99,4,12,7,6,2,14,2198,2272,,1245,818,1859,.440,241,626,.385,321,440,.730,254,1100,319,165,132,353,488"
"342,Western Kentucky,34,20,14,.588,3.17,1.00,11,7,10,4,6,8,2429,2355,,1380,853,1910,.447,199,608,.327,524,724,.724,338,1256,417,235,174,466,527"
"343,Western Michigan,32,8,24,.250,-6.11,1.63,2,16,5,9,2,14,2246,2439,,1300,774,1822,.425,228,723,.315,470,681,.690,345,1197,373,147,78,490,564"
"344,Wichita State,34,20,14,.588,6.86,5.22,10,8,10,4,5,7,2409,2353,,1365,859,2099,.409,252,814,.310,439,606,.724,425,1290,464,161,114,404,652"
"345,William & Mary,31,14,17,.452,-4.69,-1.99,10,8,9,5,5,11,2321,2385,,1265,841,1773,.474,254,735,.346,385,576,.668,251,1057,529,158,146,390,516"
"346,Winthrop,30,18,12,.600,-2.77,-3.62,10,6,11,3,7,8,2499,2358,,1210,855,1878,.455,372,997,.373,417,565,.738,330,1232,460,134,83,456,534"
"347,Wisconsin NCAA,34,23,11,.676,18.19,11.30,14,6,12,3,8,5,2333,2099,,1385,874,1945,.449,241,672,.359,344,531,.648,283,1197,430,177,140,327,511"
"348,Wofford NCAA,34,30,4,.882,14.07,0.33,18,0,15,1,11,3,2823,2233,,1370,1023,2076,.493,377,902,.418,400,568,.704,356,1202,518,230,103,368,571"
"349,Wright State,35,21,14,.600,3.34,-0.84,13,5,15,2,5,8,2561,2365,,1405,885,2029,.436,281,818,.344,510,692,.737,382,1230,483,214,72,402,545"
"350,Wyoming,32,8,24,.250,-9.60,0.34,4,14,6,10,1,11,2105,2411,,1285,690,1656,.417,248,720,.344,477,660,.723,167,983,331,176,88,450,588"
"351,Xavier,34,19,15,.559,9.82,8.17,9,9,13,5,4,7,2450,2394,,1375,891,1915,.465,240,723,.332,428,623,.687,361,1243,506,186,128,438,529"
"352,Yale NCAA,30,22,8,.733,5.73,-1.03,10,4,11,2,8,5,2427,2202,,1215,893,1812,.493,230,634,.363,411,557,.738,259,1157,503,177,131,392,510"
"353,Youngstown State,32,12,20,.375,-7.68,-1.95,8,10,6,7,5,11,2415,2526,,1305,879,2059,.427,303,893,.339,354,505,.701,418,1209,449,210,115,423,656"
